Title,Author,Review
공부머리 독서법,최승필,280개
당신이 옳다,정혜신,212개
코스모스,칼 세이건,255개
나는 나로 살기로 했다,김수현,287개
사피엔스,유발 하라리,363개
"총, 균, 쇠",재레드 다이아몬드,193개
페스트,알베르 까뮈,65개
아몬드,손원평,231개
하버드 상위 1퍼센트의 비밀 (하드커버 리커버 에디션),정주영,68개
푸른 사자 와니니,이현,22개
꽃을 보듯 너를 본다,나태주,134개
설민석의 조선왕조실록,설민석,647개
82년생 김지영,조남주,651개
해커스 토익 실전 1000제 1 READING 문제집,해커스 어학연구소,69개
만복이네 떡집,김리리,44개
해커스 토익 실전 1000제 1 LISTENING 문제집,해커스 어학연구소,71개
사서함 110호의 우편물 ,이도우,82개
이기적 유전자 The Selfish Gene,리처드 도킨스,34개
돌이킬 수 없는 약속,야쿠마루 가쿠,202개
알사탕,백희나,136개
Title,Author,Review
언어의 온도,이기주,449개
설민석의 한국사 대모험 1,설민석,302개
부자 아빠 가난한 아빠 20주년 특별 기념판,로버트 기요사키,74개
아홉 살 마음 사전,박성우,106개
초판본 데미안,헤르만 헤세,43개
시간을 파는 상점,김선영,141개
봉제인형 살인사건,다니엘 콜,70개
부의 추월차선,엠제이 드마코,140개
설민석의 한국사 대모험 2,설민석,79개
나미야 잡화점의 기적,히가시노 게이고,768개
한밤중 달빛 식당,이분희,85개
데미안,헤르만 헤세,272개
방구석 미술관,조원재,195개
세상에서 제일 재밌는 종이접기,이원표,69개
엄마의 말하기 연습,박재연,106개
멋진 신세계,올더스 헉슬리,156개
[예스리커버] 불량한 자전거 여행 ,김남중,60개
정리하는 뇌,대니얼 J. 레비틴,48개
아내를 모자로 착각한 남자,올리버 색스,41개
정의란 무엇인가,마이클 샌델,110개
Title,Author,Review
설민석의 한국사 대모험 3,설민석,44개
설민석 쌤과 함께 부르는 한국을 빛낸 100명의 위인들,설민석,99개
영어회화 100일의 기적,문성현,276개
열두 발자국,정재승,225개
자존감 수업,윤홍균,315개
읽으면서 바로 써먹는 어린이 속담,한날,57개
"곰돌이 푸, 행복한 일은 매일 있어 ",곰돌이 푸,231개
미움받을 용기,기시미 이치로,554개
설민석의 한국사 대모험 4,설민석,46개
설민석의 한국사 대모험 5,스토리박스,46개
갈매기에게 나는 법을 가르쳐준 고양이,루이스 세뿔베다,36개
기억 전달자,로이스 로리,107개
위저드 베이커리,구병모,108개
클루지,개리 마커스,35개
말 그릇 (리커버 에디션),김윤나,110개
설민석의 한국사 대모험 6,스토리박스,54개
우리는 언제나 다시 만나,윤여림,115개
소년이 온다,한강,324개
샬롯의 거미줄,엘윈 브룩스 화이트,129개
설민석의 한국사 대모험 7,스토리박스,56개
Title,Author,Review
호밀밭의 파수꾼,제롬 데이비드 샐린저,455개
초등 만화 영문법,유원호,20개
못 참는 아이 욱하는 부모,오은영,198개
왜 세계의 절반은 굶주리는가?,장 지글러,70개
잘못 뽑은 반장,이은재,31개
장수탕 선녀님,백희나,110개
백년 허리,정선근,90개
나는 3학년 2반 7번 애벌레,이주희,27개
추리 천재 엉덩이 탐정 1,트롤,123개
내가 확실히 아는 것들,오프라 윈프리,77개
100가지 숨은 미로 찾기,베키 윌슨,81개
수박 수영장,안녕달,107개
42가지 마음의 색깔,크리스티나 누녜스 페레이라,83개
이상한 엄마,백희나,102개
하마터면 열심히 살 뻔했다,하완,173개
프린들 주세요,앤드루 클레먼츠,31개
전설로 떠나는 월가의 영웅,피터 린치,40개
동물농장,조지 오웰,208개
[예스리커버] 책과 노니는 집,이영서,122개
"엄마, 주식 사주세요",존 리,30개
Title,Author,Review
한국을 빛낸 100명의 위인들,려하(권영아),77개
21세기를 위한 21가지 제언,유발 하라리,115개
백만장자 시크릿,하브 에커,70개
빨강 연필,신수현,80개
세상에서 제일 쉬운 그림 그리기,원아영,114개
초등학생을 위한 나의 라임 오렌지나무,J.M. 바스콘셀로스,48개
모든 순간이 너였다,하태완,161개
위험한 과학책,랜들 먼로,65개
한 권으로 끝내는 해커스 토익 700+ (LC+RC),해커스어학연구소,44개
해커스 보카 Hackers Vocabulary,David Cho,44개
"돈, 뜨겁게 사랑하고 차갑게 다루어라",앙드레 코스톨라니,36개
칼 비테 교육법,칼 비테,18개
추리 천재 엉덩이 탐정 2,트롤,68개
식탁 위의 세계사,이영숙,32개
"소리 질러, 운동장",진형민,12개
화요일의 두꺼비,러셀 에릭슨,16개
마법의 설탕 두 조각,미하엘 엔데,118개
한중록,혜경궁 홍씨,48개
침묵의 봄,레이첼 카슨,58개
1984,조지 오웰,164개
Title,Author,Review
개인주의자 선언,문유석,218개
호모 데우스,유발 하라리,163개
환자 혁명,조한경,51개
10대를 위한 JUSTICE 정의란 무엇인가,마이클 샌델,63개
아낌없이 주는 나무,셸 실버스타인,84개
틀려도 괜찮아,마키타 신지,74개
맨큐의 경제학,그래고리 맨큐,5개
한글 12주 세트,스티브 맥,75개
말의 품격,이기주,152개
읽으면서 바로 써먹는 어린이 관용구,한날,23개
열두 살에 부자가 된 키라,보도 섀퍼,86개
부의 본능,브라운스톤,51개
영어회화 핵심패턴 233,백선엽,155개
난장이가 쏘아올린 작은 공,조세희,192개
이게 정말 나일까?,요시타케 신스케,71개
초등학생이 알아야 할 과학 100가지,알렉스 프리스,79개
달 샤베트,백희나,50개
화내지 말고 예쁘게 말해요,안미연,62개
죽고 싶지만 떡볶이는 먹고 싶어,백세희,178개
정재승의 과학콘서트,정재승,41개
Title,Author,Review
추리 천재 엉덩이 탐정 3,트롤,80개
초정리 편지,배유안,12개
꽃들에게 희망을,트리나 폴러스,82개
어쩌다 중학생 같은 걸 하고 있을까,쿠로노 신이치,15개
설민석의 무도 한국사 특강,설민석,18개
무례한 사람에게 웃으며 대처하는 법,정문정,202개
쇼코의 미소,최은영,192개
기적의 한글 학습 1,최영환,119개
이방인,알베르 까뮈,103개
이상한 손님,백희나,68개
초등 필수 영단어 무작정 따라하기 ,Claire park,128개
아몬드,손원평,18개
모모,미하엘 엔데,281개
평균의 종말,토드 로즈,103개
송사무장의 부동산 경매의 기술,송희창,111개
서양미술사,에른스트 H. 곰브리치,77개
내 인생의 해답,캐롤 볼트,6개
어떻게 살 것인가,유시민,255개
"총, 균, 쇠",재레드 다이아몬드,42개
기분을 말해 봐!,앤서니 브라운,103개
Title,Author,Review
미라클 모닝,할 엘로드,140개
어린이를 위한 그릿,전지은,77개
보카바이블 4.0,허민,145개
외딴 집 외딴 다락방에서,필리파 피어스,23개
욕망의 진화,데이비드 버스,36개
완득이,김려령,101개
책 먹는 여우,프란치스카 비어만,151개
마틸다,로알드 달,10개
삐뽀삐뽀 119 소아과,하정훈,59개
1학년 첫 배움책,박지희,6개
추리 천재 엉덩이 탐정 5,트롤,83개
예루살렘의 아이히만,한나 아렌트,46개
생각의 비밀,김승호,69개
골든아워 1,이국종,151개
추리 천재 엉덩이 탐정 4,트롤,72개
댄 애리얼리 부의 감각,제프 크라이슬러,47개
서찰을 전하는 아이,한윤섭,32개
추리 천재 엉덩이 탐정 6,트롤,133개
구덩이 HOLES,루이스 쌔커,39개
습관의 재발견,스티븐 기즈,83개
Title,Author,Review
누가 내 머리에 똥쌌어?,베르너 홀츠바르트,194개
세계를 건너 너에게 갈게,이꽃님,24개
일빵빵 입에 달고 사는 기초영어,서장혁,85개
라틴어 수업,한동일,229개
[예스리커버] 원칙 PRINCIPLES ,레이 달리오,46개
아름다운 아이,R. J. 팔라시오,68개
사과가 쿵!,다다 히로시,135개
지능업 만2세 세트,삼성출판사,62개
수학이 필요한 순간,김민형,63개
사랑해 사랑해 사랑해,버나뎃 로제티 슈스탁,362개
피프티 피플,정세랑,56개
돼지책,앤서니 브라운,161개
방관자,제임스 프렐러,33개
2주 만에 끝내는 해커스 토익 스피킹 스타트,David cho,27개
착! 붙는 일본어 독학 첫걸음 ,일본어 공부기술연구소,117개
마당을 나온 암탉,황선미,146개
연금술사,파울로 코엘료,648개
몽실 언니,권정생,29개
운다고 달라지는 일은 아무것도 없겠지만,박준,153개
설민석의 통일 대모험 - 상,설민석,22개
Title,Author,Review
어린이 훈민정음 2-1,성정일,19개
감사하면 달라지는 것들 (겨울 에디션),제니스 캐플런,31개
바삭바삭 갈매기,전민걸,22개
2주 만에 끝내는 해커스 OPIc Advanced 공략,해커스 오픽연구소,31개
멋진 신세계,올더스 헉슬리,6개
페스트,알베르 까뮈,4개
멋진 여우 씨,로알드 달,25개
어디서 살 것인가,유현준,107개
보리 국어사전,윤구병,58개
역사의 역사,유시민,212개
있으려나 서점 ,요시타케 신스케,107개
슈퍼 거북,유설화,47개
영재의 탄생 만 3세,삼성출판사,82개
당신의 이름을 지어다가 며칠은 먹었다,박준,92개
스즈키 바이올린 교본 1,세광음악출판사,25개
내게 무해한 사람,최은영,125개
법륜 스님의 행복,법륜,72개
신기한 종이 오리기,이시카와 마리코,43개
해커스 뉴텝스 New TEPS 기출 보카,데이비드 조,17개
골든아워 2,이국종,72개
